-- phpMyAdmin SQL Dump
-- version 4.8.0.1
-- https://www.phpmyadmin.net/
--
-- Host: 127.0.0.1
-- Generation Time: Dec 18, 2018 at 04:37 PM
-- Server version: 10.1.32-MariaDB
-- PHP Version: 7.1.17

SET SQL_MODE = "NO_AUTO_VALUE_ON_ZERO";
SET AUTOCOMMIT = 0;
START TRANSACTION;
SET time_zone = "+00:00";


/*!40101 SET @OLD_CHARACTER_SET_CLIENT=@@CHARACTER_SET_CLIENT */;
/*!40101 SET @OLD_CHARACTER_SET_RESULTS=@@CHARACTER_SET_RESULTS */;
/*!40101 SET @OLD_COLLATION_CONNECTION=@@COLLATION_CONNECTION */;
/*!40101 SET NAMES utf8mb4 */;

--
-- Database: `outlay`
--

-- --------------------------------------------------------

--
-- Table structure for table `deskripsi`
--

CREATE TABLE `deskripsi` (
  `id_deskripsi` int(11) NOT NULL,
  `detail_deskripsi` varchar(1000) NOT NULL
) ENGINE=InnoDB DEFAULT CHARSET=latin1;

--
-- Dumping data for table `deskripsi`
--

INSERT INTO `deskripsi` (`id_deskripsi`, `detail_deskripsi`) VALUES
(1, '1 loh hebat kan'),
(2, 'ini detail 2'),
(3, 'ini detail deskripsi pengeluaran3'),
(4, 'ONG SEONGWOO'),
(5, 'ini 5'),
(6, 'ONORE'),
(7, 'INI 7 YAK'),
(8, 'ini 8 :)'),
(9, 'ZASSHU'),
(10, 'D3T41L10'),
(12, 'hai patrick'),
(13, 'hai spongebob'),
(15, 'D35KR1P5!'),
(500, '');

-- --------------------------------------------------------

--
-- Table structure for table `icon`
--

CREATE TABLE `icon` (
  `icon` varchar(100) NOT NULL,
  `warna` varchar(100) NOT NULL,
  `gambar` blob NOT NULL
) ENGINE=InnoDB DEFAULT CHARSET=latin1;

--
-- Dumping data for table `icon`
--

INSERT INTO `icon` (`icon`, `warna`, `gambar`) VALUES
('kendaraan', 'hitam', 0x89504e470d0a1a0a0000000d49484452000000320000003208060000001e3f88b1000000097048597300000b1300000b1301009a9c18000000206348524d00007a25000080830000f9ff000080e9000075300000ea6000003a980000176f925fc546000003ab4944415478daec994f885c4510c6bfafaafbbd9e59881111c346915c72081b30e8c9ff200691085e3c48402fe24d44f0101321181444038220c9dd188c781044f0a078490e4236b75c04916c082192105058786fbabb3c3833f44e7699d98598ddf81a0aa67bfaf5eb5f5577f5d7333433dc0d457097940ea403e9403a900ea403e9403a900ea403995a5c5951550080f71e660692000033434a09a5e427393655454ae91e007bcdec0933db6766bbcc6c3b803e80bf495e15910b247f1691f300ae8fded9340d26af13ceb9f1fb0120e70ce71c628c68dbf6161096036c0404c03c80b7524a07cdeca159bc47f29aaa9e1291cf9d734b9b01e4d118e377001edcc87220f96708e160dbb63ffd672024274176b46d7bdecc76166d3745e4a2889c4b29edc939bf341c6f5155bf8e313e9b527acccc1e289e591691a7cd6cb17492aaae0b64e6cd6e661091b1c5184f1410c97b7f2c84b0d77bff94aa1e0270ae98d8525555c74308077abdde425555ef936c86e3f6cdecb4aa6e53558cecb6672d118199bd98527ab9687b4f448e92bc0200314600088513dcc80124af7bef3faaebfa750079e8eddd248f841050d7f58a48dc369061783f2ceabf84103e55558848e9d15844240f3f8cbfafaaea4c08e1b3519fc160f08e99edce3963233f88b8f574ce39ef6c9ae6f994d2be91b3bdf75f92dc636692522ad3f17cce791491ed29a585c964e1bdffb66ddbd772cef79b996fdbf628c90f005c02d0ac2b714cd9ec3d337b24e7bc3fe7bcdfcc16cc6c5bb97500b4930e2169662645c48d649ef434c964660aa0dc140dc94b227256447e20f92bc92bd3363bcc6c6ca3755c55d50ee7dc2192bf0d277bc78ce44d55fdca39f778afd71b3b79d256549c7310910324afde6980d5cc7b7fd27b5f4f05999b9b7b98e45f9b116264755dbf3b15c47b7f7c3343003011f963359015e937a5f4c26657b939e77ba79e2339e7f92da0d8d32c07a26e011099dae89c5bdc022036f564afaaead5aaaa9e2b0149a26ddb370683c1336b68afcb2184c393ea7806098f18e3aea6698eadd5a7aeeb8f9d73178b711963fc7d168972cd3977ba146d31460c65f75a201744e4d47a15ebf08e731f80c3a5c02c4f7d1139a1aa4b93727ea6f5764b7efe3752df90bcb186674fb66d3b029ed9861ebfe1bdff7eb57155f58caa2e8d4464f9dc8644a3730e002e0f068357628c5f8c2e45249755f51355fd71430b7d38b110c29b39e72aa5f424000ecf8ab339e7b79797974112fd7e7faab467f71f6207d28174201d4807d28174201d4807f2bf01f967000047fb5e29506a6b0000000049454e44ae426082),
('kendaraan', 'putih', 0x89504e470d0a1a0a0000000d49484452000000320000003208060000001e3f88b1000000097048597300000b1300000b1301009a9c18000000206348524d00007a25000080830000f9ff000080e9000075300000ea6000003a980000176f925fc546000002714944415478daec983d68544110c77f673e888ac65c21e4d088180c04027e14c21511fc0215c1c2948228560a29446c04adac6c1210dbd86821422c14245a045444c40fc4402c344494448b9844414c727f9b0daccbde3bf3de4bb8177760e0dece30bbbf657667e77292580eb2826522012480049000124002480009205528b529c76b005a81adc066200f1480716002780fbc013e542bc83ee028b017d802d445f84e01cf813b46bfa5b2024949b428e989e2cb1749e712ae01492485988e5864c9f95d8af0bd25a92e09482e6663b50e7806b45963b3c053e091b11d01ce1adb8c49bd1ae0b0b1159c98bd40f752a7d675674707246d737c2e5af61949ad962defd8e7e5e052a65651d2ac35f9b0a4468fdf6507a4dde373c6017921a93e0e489c3a72c9a4c87cca9c06263d7e25e77bcee3730db8617def044e2d7641ac01f60307acb17ee025d0e8d1559e73e5f3bb027cb5fc2e001b160a52e9b06f02f6009dc02e53e41a2cfb64999d065869b492ef1cb0c6893b0d0c038f814173798c2d14240f1c335a045657c10b640218006e02f74d4a97bdb56a259d97f449d52daf257545dd5a7dca9674fb0ae221e05ec61ebc53403bf0d9beb54e66f0e5bed69ce3bfaedf1d196d433a5d90a68c8274b820b98c82fc764146320a32e816c4edc071eb0d65b7ae2780fa8860fdc06882c534035d1576bd0ff8e58cff047a4c1bfd4ffdc828b031c2de667af1b8d26232a25c7a8f19d8c48fc68711b67729a4e538f02ac2fe20adc6aa59d25b4f65fd2169771afdb6e971be7be6f828a925cdc66abda4ab9286248d48ba6b262745ed9074dbc41f92d42ba9b0d83d7bf8a731800490001240024800092001e43f02f93300278ead0903b500b70000000049454e44ae426082),
('kendaraan', 'merah', 0x89504e470d0a1a0a0000000d49484452000000320000003208060000001e3f88b1000000097048597300000b1300000b1301009a9c18000000206348524d00007a25000080830000f9ff000080e9000075300000ea6000003a980000176f925fc5460000027b4944415478daecd84d888d511cc7f1cf7857de428a42591092581059b0302b6ab090c242c8cb1e9192c28a42929da408c582625888c5782b528a525e92bc849a588cc1d8fca71eb773ef0cd7ccb83abf7abacf39e7ffdce77ccff9ffcff99fa7aeadadcdffa05efe1365900c9241324806c9201924836490ae539ff69b77f5f57fe3ff46631ee66012c6603086e13d9af1184db88267d5be705463e3af2055aa1eebb100c3cbd88c88df59588dcfb886a368fc175ceb588ceeb20a10290d42433c7b02437a12645fcc44a95ac285de14ea3ee30e3e24ec57e1784f812cc7b642f96b8cec0a4cc3745c2cb43f8fd8998a45d1f1d642fb12eca93ad87f37c670a8506ec5525c2ab1eb5d326875781b7697700a670b6eb51d5771bdbb66645bc0b46b6f02a233ef6bc4da92ba03e8df1d2063b0ae506ec2ae32b645d7f951526ed7d992d99d11eed965ae350a3363e91c54a87f1275bd13cf4c29dc0f8fd1ff5e62d386d701d937ea7684ddddd86b5a3aea5c5dfbe7a0c4863810f3b118b331beb0177497bec622f1089763a97ed1d90d7128d684fb4ceee1cca31f26c6b524328373388c079562642e6e47c0f534444a4362909bb0bb1cc8489c8e1ce95fd700ecc4ca14c8068cadb1a4776b0aa4a106b3f7712990f13508f22d05d2470dabd64f880352b370109b1370bde2845749cdc569fe030d8cab9c5af02551ff3005b22b60ea121be4bd0a87a6ef5888a755806ce82085bf804d65063019179f12c61fa393b3cabce425ee9749083babdb1db4df8a7e541d23fb2bb41da912026ee06699b6d7716ef92bd9ef99f842b2a510603f703edcb15ab5466e7712130af5afb0310e639dcb7e6b5df94b6306c92019248364900c92413248d7e9e700c76d7e060bc337740000000049454e44ae426082),
('kendaraan', 'kuning', 0x89504e470d0a1a0a0000000d49484452000000320000003208060000001e3f88b1000000097048597300000b1300000b1301009a9c18000000206348524d00007a25000080830000f9ff000080e9000075300000ea6000003a980000176f925fc546000002774944415478daecd84d888d511cc7f1cf1849d18832d21422e3ad9085f7223292145958489a2c148ac52c50948414220bb3a1bc2c240b597897b030b33094f7c8b099c53425691099b139b71ed773e7c55c77e64ee757b79ee79cfbbc7ccfff7fceff779e92f6f676fd4103f413459008124122480489201124824490ffa7819983e68f55f9b85f092a311d53310623508626b4e0191ee1553e1e583ef6d69f203dd444546325a6a1b493ffffc2635cc27934f785d4da8906ec0a9128edc235a5988d232142eb7b1be450f80d4de96bc1d7c4796b48afbfb20317b0adb740d6856824551fdae685b95297e8ab0b6db3b0176fb3ae3d8115850619151e9cd14f6cc05c1c0e2ffd29652168c513ecc78c10cde4bb9c0e112a18c8960093d1a9901eddd137ecce1a90d13850289011d89c387f899a0e56a7b4e3a4768494cca81a13feb98e74414330191bb3a2711f8b72ac5623b38e97e780adc39cc48ab60fb56145fbdca50296f91c94a3208ec7525485095c51e082dd8ca7b8865b6945b4b382b80adbb100837bd179948741ac0a91abc7399cc5f78ee64825eee16a88446f42a415d1f921e5eab130174819ae60711178c4e961b0c7a5816cc2942232bcc3c38af717c89a2274efabd340261521c8b03490414508d2d65f768883d2402e1621c8c3348bb215c7834bcdcec39bc97c4c09ef2abcefe1be667507fd7b7039a5bd310da40d6f72dca8113373f435e10e7ef400e47927200ff03a1feef764077db53d84102cc7971c7dafc2fe3e2f36fe0c8e860d547233750c07f390ebefb0161fb2da1bc24eb4359f36be06d7b12cf89e1bb89bc7897b1b4b0250055e04cbd4d22d1b5fec8a9f4c2348048920112482449008d207f57b00efb77b1a394ba1d20000000049454e44ae426082),
('kendaraan', 'biru', 0x89504e470d0a1a0a0000000d49484452000000320000003208060000001e3f88b1000000097048597300000b1300000b1301009a9c18000000206348524d00007a25000080830000f9ff000080e9000075300000ea6000003a980000176f925fc546000002854944415478daecd85f688f511cc7f1d7d84a622312252924245c208d64172844a1940be48efc292545cc8592a4fcbb60176edc58a32414492ba3c5cd88e4ef150a5ba8953f9bb939bffaf9f53cbf6d7e9bedb7cea74ecf793ae7799ef37e9e73bee7f37d4a3a3a3a0c040d32401441224804892011248244900812417a4fa5994a65f5b742ef351853311b73311d63518e61f8842f78867b68c0cb421fda505dfe3748812f630bb687c197a5f41b1d8e0bb015dfd188d3b8dcd753ab02d7701eb3f24024690816a30e17bb796d8f8294e2129627b47dc0ed70cce81daee26d42ff8de165f409c87e2ccb3aff8833a8c20c2cc593acf6a7588399a14f2d7e66b56fc69e82177b37352d8064d48c4abcca73ff4cbd157743591aa6d6f0d076340482c6fff545f6e6cce94309105dd12d6ccb813d1e2260af834cc686acf31b389bd2b72da59ead8ba8c93a5f8895bd35b5466112e6606d883819fdc0c194973225a75e9dd0a723e10b1c0bcf6b0cc1e17d67032cc9fc0e4ad810278488b40af330a68f36edaf788c2be1ebbfe8ea863811bbb10923fa81fba8c0a2508ee0264ee07ebe35b21a0fb1ab9f40e46a6898daf5d89106321117b2ac447ff78827313f096437461691e12dc1be24902545e8de2b9340c617731a3228279f181019626b118ebf2c6967afc6ce84905c1a6c493e3bf326244affaa719d049acfc15de7aa2e09a42684df929ccee5789e272cb761055e1700722c44cd349dc3e1046bd396e6b5928c5d73b00855290f791e72eff602403ab3edf5f8d513eef740ca40db432c6f2f70ae5fc3a394b65adce9291bff00ebd08496509ab01ed77b60d1b686ecf152580f2d214d3e157e54fceeb2fb2d76c53f8d11248244900812412248048920bda73f0300beed7e4464cb6d470000000049454e44ae426082),
('keranjang', 'hitam', 0x89504e470d0a1a0a0000000d49484452000000320000003208060000001e3f88b1000000097048597300000b1300000b1301009a9c18000000206348524d00007a25000080830000f9ff000080e9000075300000ea6000003a980000176f925fc546000003ee4944415478daec9adf6b8f511cc75fdfef66a6d186ed82128bb821ac2c9be5577eb428f971b51b17ca85925fc905257772212b2e88fcf8032829bf432345e6474c616388c6be8d3619b37ddd7cbe793ace799ecff37cbfe3f9cabb4e6bcf733ecf39ef733ebf378024b00b780adc06d60205e411d2e934007b80b4319a80e5f946e4838548669c0566e50b910e1f2269a017380e8c88339104b01dd8a798bf1fd816619d42a01e28b7bceb04ce033f72712300eb81970137d3018c8cb0ceee80efeece956a65500e1c003efb2c3a3bc23ad703885ccf0591a471cd9b811ab96e1b6646586720cbf72a242dcf5a808d62e426eaa31c5896ef231341eca5cdf2bc0a181e47cf95f4b9ee1b96e7638089f94404e0b263fee27c23f2c4e1dfeb42aed19fe57b1b5688db5ea1993c0468b6b8cb8fc0681fb962a0165828a339c0fd367be6d68abc5f703d6cc81f34e3880d871c8bcff7916908d878d068f0f9f65ccbfc1e338ed8702f423cb92d594014bc177917a6599e7dd77cb812e8b19cc225850e47b98da0d2e1ac4526a551ad0470df22dca9c8bb1a4392680cf85e31f0ca22f7544304e0a4457800a80e901b2a059a864493ccf7c314512353f68cc64600ae3a6e6a6980dc37c9aabb02e675c9bc6f01f3aac4939ab8ab35c0f192779927714e29df908597f2e2844b33b4aa55043cb77ca41d28516ea231a25d7835e0aecdd081515a2200c71ca7b140295f005c33e4af85e8d68c151534f7700f486a6d04e082e394aa95f2fdc03a8fbd744adb499b9ed400658e7c702013f2356811019378357ab4018ba4a6b900bc0e213bcdf1bc296cc42d163261f3ae5ce1b465ed3e71c984b11180230e839d33c824463a5a560f32ee388c8df8f9eba9834c641c50e1d84f9f372dd6e2a6c41333cdde21e9777f169b4d015f1cef66886331f128ea6205c0e32c53f45c8d1f72784451ad7ee0564c2adb3653d5c3102993b43e0e68f7da47184c5794ac7f726c303b8d1a635f031c054a3dcfde88eb2b5236384a1c06ab45669f5f815352b7ff9666f86132f0d0f05467a413d9adf47a85d83bf161304a0eed2df0ecb756a522202e3192c4bd71ec6969882c3452828ab8120913100bc456528ab903c03b749df64f21825b8f8c0c3a94fb61718c3c95573332a30da8d404c456ec7f5ef89b28f48c4a60254a97b81a58e6f9bd44ea9009c6bc17d2aef11e4e29304c59ca8e36bc60c2d172eae6d71f669f03f5e974ba35eaa9dcb05cf91d479763887294899bcd8c4d0ed5da09cc9332bb344a3de22d3b5dfa5b97431572d53f176d5e2b1961815e9f94bd2f874406fddf4812c015cb49dd52740bc36099e346564509882e4c123229e9885c944a2ed7d8229e33253fb7ba0262221b367142927f04ff89c40d3f070099a1534b7c408e310000000049454e44ae426082),
('keranjang', 'putih', 0x89504e470d0a1a0a0000000d49484452000000320000003208060000001e3f88b1000000097048597300000b1300000b1301009a9c18000000206348524d00007a25000080830000f9ff000080e9000075300000ea6000003a980000176f925fc546000006f84944415478daec595d8c5d5515febe75ce1d63a10d2d35c460444063132235c56a31260445034f1a896834d1206d823e6054884494449fa831467d96983e18e34ff0270612acb112d1529a964248a9483258430b9636540be3ccdeebf361ce1ef6ecec73cfbd1d30837125eb61eede67eff5adbdfe8792e8eeb793fc1880d392ee06f063770f6606499004003033f451df9a24c4187bbf6bdb16d3508c7149263303498410c018e39d66f68de2f2bdeefe4d92f7bd568018c9cf979b496e6b9ae65e92bf04b00daf013200ea5b24f9e1a6691e30b35d00d6ae6620ada4ef92bc6bcc9e91997d1ac08b31c6cf4d6b5a9d42de0be0ed85d208e01480df00082b05c2ced96f31b3af0078e398bdff0c215cd45d5e13b60fc447cdec67ddebd77ce8fbeefe854141499859bf8f2c9ea5efc5182f77f76f0338d173d65a92efeebb288458654957f581e8e83a922d490cf1908f243a21e9b618e35649f7f468e59afea304c92b2c0d05a2495e631a20e9a967638c5f06e09503df7916e6ab15ae0f82580624cf17008e4a3a50d9bf05c0c6ff66349a04040098bba3f2f851d24395433790dcdaf7f493daf3d8e791e0ee4b3c711e59dc5c7ddd033d1ababc76797acd145d4862d83dea20628c4b3c4d42ac92bbef01f05205c8fb6b0294d4340dba5a6d6140060710162d6362e09792bc85e44700cc00c0b8426756d25f486e2ecb97ce4f4e64a0972987e41692eb9aa611c94b067c60adbb5f43d20104498700bcd0a7249237344d73378073bbf53d006ec0c2c2422fc71877aa4221846df9be1042ce9769051463dc999f57c8748ebb1fadc873bb0dd8ecbe1e2dbe2f77ec18630ee4b8a4d9b37576777f788c8fbc99e48595f2e8d221208fd5ea2092d7260797046b1a8c46a3c4cf03b8b196872670f69d247fde340d129b59ce9775355a49476c3162d559d25f251dac7c7805800b320996a25517b1f648ba634a100f92bc330791fc2f0bc5d7f6bce2a3b608b0ce24bd9618499e47724b7158b9e72e49f74e88e324801d00e64b272ff253adb2780ec0219b40537b7bfc64735f2ec968bba46726b86307c9c3e31403603dc98b2bdfee97f4ec0440f0fb9e7c7275e58997b1a463926e1c57184afa0e807b86f212c92b016ca87cff380058eeb475f6a3928ef41cfc86daab147c7f8cf16b3d20fe20e98eb22cc97b8e8cafec39e3a194bc86fa0077f7fb7bfa93b7f6952b057fcbdd7f576c3d25e9260073e5b715196866575564f897a43f61a0e1c9695fcfef57d75ade244016421dc07600c7b269c8cdeefe54fe1229ea5514713ec9775494f634c9e7484e0ce4913ca264427fa004917af75cbbddefb392ae73f79fb8fbcd66f6d33cd4b66dbb4c01055d0ce0bc0a904793ffb513c6f8a7241d24f99ec24fded5e5936793c035e74f4524c94331c64fa4bd39d8817aacafc5fe6dfad6a64858b5c4b82ee59371531477c7fcfc3c16161696849fa6daed69b12569ff92594e01646fcfd2e6e417934c0953449aa64334b34db5b284e413c99cdb2980ec06f0228035855f7c86e49abcb622a90258ecd6d9ad4792e1e5ed3c53e62a924a550480b7545ef991bcd79966f07a4cd261925714176e02f0f571c3ba7166d7f70a15872fe9f1a243ecafb55ee6452548faf52a99904ad29e3c44b743d398451359eabf57cbfcf764177a31ad699ddb34cd0f487e7c35a070f7c7dcfdf4b440de6666bbbada2a77de7f67df9721abfcbb7d0571cc02f8621929393f3f3feea3f3dbb6dd970f10243d29e9a618e3dfdd7da64b76b937b3f8e70ddd7d6d0e2ec638ca43b09935b95066c6fc6f491700d828e969490f364df37c3e3e028076dc108ce4250588fb628c9f35b3e3c97fca9956ba605c5e297b9749f24ab9a7ac92879edcf3301142d8de34cdf1b2b0cbcb90b496834aebcb34d8d556e55834c698f7337979835a197456b6db34cd76333b9a272c0032b3d8fd1648a626ea54a60865be153a339b4b8992e4335d78cf5f4cd9243f668acd7d612921726e6e6e9c696d9d9999d9f76ae6838e5f48603be1d909ed494199e06732b0a743085f92f4e77620eb9e7eb587ed1daf9f76fa9e4cad6ddb5bddfdfa76a01438e2ee5f25f949929699e3fab2cdedbab597483685e98e3a6d3785f065a86e7b5e8c0380f693048726de9d993629c4babb01f891995d5fec7b2284f021333b939423e975925e0f402184561201309d6566cc1ab13592660028c63802b071341afd10c0bae29e5f48fa55d76a3f4972378038a9b3c7c58012e1ee1bdbb6fd6045339bccec22497f7c85fec1f3a91244476f02b0ab0cf31397a52924923ca72bdb6bb43e85d095fca3a7b3ff0b7b006e2813e6c440dc1d218474d131773f5cd93607e0509e3fce164847bb6bf363773f1842506ad2a6ea10d370a01b14cc93dc01e04837ea3c09e0b8a41d66f6b76cfebb12109074c0dd6f03f08f748fa48725dd9a27c7a5beff6c35b7dac8f03f42ff07b2dae83f0300b24f77cc760a7a010000000049454e44ae426082),
('keranjang', 'merah', 0x89504e470d0a1a0a0000000d49484452000000320000003208060000001e3f88b1000000097048597300000b1300000b1301009a9c18000000206348524d00007a25000080830000f9ff000080e9000075300000ea6000003a980000176f925fc546000004414944415478dadc9a7f68556518c73f3bbb4db73172d361859631c7148d8b62ad5852520bfaa3bf244814a544728826a1ff446011044123687f84c6624498882005c1b6a285c1863fe610714b134df1d74574f82bef7edc7bfbe33e970eafeffb9ef79c7b37eff50b87ddfb9ce7bce77ecffb3ecff779deb3b2446bab077c04ac056e019dc00fc07d4a081eb00bf80c580434037b8001e0ed5223d2a6b1c781fd402fb0b25488d8d00af4017b81b9c54c2406ec063eb6f894036b84c81b402ac27d9e94a55ba6d8d3c008902804914f64c036a0dee2fb2af02c7036028923c03cc3f98bc08bc0d57c97564a027e19d0058c597ca3c4cb620b0980a7c5a76031721978177809e831f8bf564ac13e046c022634e79668d6795167ad2bc0318dbd1158504a4452228a2aaa819652d3916e83fdf552237212b8a3b1af042a42dc63bc403e2a9e035ec94946cce2781d3827e58a1ff32465daf4a4dea7498d0e3faa11b8e9bbef758b6f15d0016c10b1be066cb6114901bf698854c8ac9888d400fdbea4e092e5be0532f2f91f60b9613500ac07def37d7f02e808aab5fe8ca02713c0a8cc764c9e5a10ca7dfea386d49f43b3c6f67810915311f42429e5ce5884757f0b582763e8506920321e44e47c443d1904b64420f22170c6727e01d0a4b15f0822928f9e7402df8720d1057c17e0d364c8b4239ec30df2d193edc06907bf21c7197cc160ef7321928f9e8c4a2f73cfe2f32fb051feda506648326960c085484e4f30e889cbd3de6939bf4d7c82506fd0a433c0791722393dc1a0272ef846da655d5c743a8ed102d46aec8781a4e73848143d51d1a6c4cb30f04188ebe306fbb0cbe6433e7aa2e2b6c4cbdf72bc2336572c35c4c7d13044a2ea892e5ee2729c0c71dd2ce95c552472bfcb954821fb93fb84dfc55c083ca5b19fce65542fc460dd0fb18f6fb2c54750196fd2931a0d91150e3a60c32470c35701ab78d360ef8942c4d49fcc977dab541e445201a259a7b18d0127a21049c9f28a1b5437960791183023e43583c0259756d7b4bc8a0543fe551086c82ae0f3222272dc75f3c18f1dc0af8eb5d574600438a8aecda016f42b60ab62ff4974a532c48ec7ac3c63688e64b77ea05d2a6b67220d0a8924f005f0a925554e151e9398489b98ba5c5cee2bfcba1ed2729a089a321b32ca931f35e4745353356db31636f7efb5ec70a8b8c8ff9b6e4148841837a1ecd01c027e779911bf4f951c2ea89ba6c9b807c43d87a7da4771a31a98137360fb16f0bc4f732ac9bed95aadf8de01be961499c30cdcdf06cf547c3352be3fa309fae352bc4e023f03c7628e53f78762dba4f1ab126df9a5804ffbb0864819d97f70e8f5a7632fc2e075861ea45cdad7426136fa97a431e065999974d4a231d7e199de8bff55402249e0ae257689526ba944bed4d82f87d8da71cd46ed868d901f1f580e3b1b1aa2dc6490ec0bfed9f2fd00f03e70a1c0196940b4a896ec5bad7d64b756af3dd0106532d35d324d0d3c1e113c3244fe1b009d5df0f1e1809e1a0000000049454e44ae426082),
('keranjang', 'kuning', 0x89504e470d0a1a0a0000000d49484452000000320000003208060000001e3f88b1000000097048597300000b1300000b1301009a9c18000000206348524d00007a25000080830000f9ff000080e9000075300000ea6000003a980000176f925fc546000004534944415478dadc995d88555514c77f73bd369a5e90c2062ad08c69cc1cbf063127adb024084202c52f42fc8a06df845e44a9f021c45e7c893484820a1a1f02254b292565f20b9d62749ab11451c718c26b635e9d191d4f0f775d38ecf6e7b9c7b877fe3030b3ceda67efff99b5d7faafbd6b7a2f2dcc009b8095401fb01bf802b843152103bc076c05260373805dc0316049b51169d1d8a703adc041a0b95a88d8b010f809f80aa8ab6422596027b0d9e1b31ca80516035182799e04ea811ac57e1ff815b8910691f7e5852dc0788bef2260127021708e49c051e071c3f333c04bc0ad72436b4836fc4ce03360c0e03b027831c11c2f5b4800cc029ad2dc233dc06a602e70c0e0ffca030cf1d4377b3bb00618d43c7b4e13e72e4429f924ca5abdc0698dbd1e98584de977488aa28a3112f3555547be37d867541b910ee01f8d7d3e3032608ebb1e3e8309d6fe1ab0a254a86dd9e22fe0a2c895381a8109c01f96b175c0a3f2fb048f45d503f958f6ecb3f8e680cf8137e5efabc0321b912109afe99a5439cf422407b4c508f864b94f6399eb676081ccafc35b311225d5f0894b6bb519ecaf3a42e98e10ce4a21756144ccffa6231d2fd2d89e7211399ba09ef403eb6441a1e815a974dff07c0c304563cfbb885c36d49306e019cbb813c0bb81248680b725e64d68029ed0cd97f178f9718d7d34f08263ec2e604f00910f81bd0e9f2643249ccd784cf08b45ecb9f08e84a70b47800f3cfca61aeced3e448e02058dbdd9a39ee481b5c06d8bcf35601570cff1aed1226875739cf2217209e8d6d81b3d6bc449c77e592f73b83051f6a68af3c09f3e4422e9dd31d4131f7c0c7ca3b16f07f67bbea3c1a044cefbf4ecf1f00aad272ad628dde561604bc0f8d906fbe11022bfa5d09ffc2d7ba143c26d95a51bd561814da5fb12b1d593c9018b6993143a17b812306ebce83115dda5fde54bc4564fe61186bb96ca6d42734c84aa1f66208488ad9e4cfb1fda8d4683bd3349d37f48fa939ce640e275d15849d12f6162128b730c51723209911ea04b933d9e05be4de1abe72dcfc619d6d39e844804ecb3a4c172f148a07f37b11b834ce0e0df2ba84deff0edd975056d470511d91f4a2423127b37f0588590f84e551bae3df210c5f3e0e58a7d27702e20aeeb8051652c7c94bca35fead90e5569b8883cad9028001ba569aa28b888d4489f908ded93562a10a1a7e08301e1d48fdfe11c017ea911f932a082f7e17f339cc7efb431a2783154505a8c43598f81719f87e5e74114385fa877343781a93ec74107a86ce4809ceb3f5200de90fea1e45b0b2c95c6288eeb14ef230b4adaf4ad3d6315a91e513c3057fb901bd2158e9330df0374663d37e211c5b6d1104a5dc00f297de9dab84c573eceb6b8f24da2b590aff6bc2155cf4f31641a28de08eb9ab9593af9118a5b9636f5628a44aea33f4f83e25958d94406d09f0a9e11999f167a64cfa938285aabac3a52c2d712c32db2997fa478579f4f39237d24f5688364a75611b0ff29a0355114311c90619860d810f9770098c7e85ca14cd5310000000049454e44ae426082),
('keranjang', 'biru', 0x89504e470d0a1a0a0000000d49484452000000320000003208060000001e3f88b1000000097048597300000b1300000b1301009a9c18000000206348524d00007a25000080830000f9ff000080e9000075300000ea6000003a980000176f925fc5460000046c4944415478daec996f6856551cc73fcfb3c76db6e6406d20840862b874c8e89f4a58f822194c7b51f4875014245704464898bd98e00b45f385516a2fcc18bd18521442447f5c6d4bc13fdb98dad4d234c9b9cdbf95ffddf6f8e2f95db81dce39f79cbb3bf76cf4850bcffd9d73efb9dff3fcfe9fd4dcbabfd3c01ae035e02ab01df81ce8678460efda71a4813a601d301d980d7c06ec031632829006ded0c89f0476cbf5c4482192b58c2f045a809d40493e13c9001f001b2d738a80a56233cb63aeb10028d78c5d05be036e24416413701b78dfb05880178155b2b80f5e073eb68caf17673368d502f81098056c01fe31cc1d0754c458e38588f13949d948806ee06d79f12ecddc14b028c61aa988f16cd2440274026f19f4f6b1186b64878b08c015e08c465e0194e6abfbd5a10ff859237f5882e6882102d064903f95af71c48423f2cf64066927fd831cd7618168c6ef40033060237252c85429f2a78109c025c37385c0e340b1dc4f8cf8a889c0fc904ab702d72d1e70a3c4b3008b80576c44ee4af258a559b8d2604381ea357bec6e15b02774bf0ad86c983b55211110b1da0840876571137e03ba62aafa0d49594ca8d4c86eba106909262aa8b63cd363c8a85df00e70d4325e13c76b019c904bb733b678b21bd8e0496207f049c49c8ab844b2c0af1a79b9146236d479d84a27b03262ce43c0348dfc0f1722003f1a36a03ae2b93bc012a03762de7560b1c553859d88ce037eef4aa4593e2a4e60fc13a88d98f32ed0e6e8dd7438e84ae42fe0ac415f0b1d9eff4a6a1e1d1a80ad8eea3743231b086cd885c81de0178d7cb2d4f62e580d342ab2d31ede6d3c30cfe0eacfb812410958010a80671c9f1f00560017e5fe1af09247b5390d98a491ef778d2301dae56374394fcaf11d27c5416c977870c8c3359b3ce46197a4318c53a28b151a3b29f3d8d9439e04023c6b080dedae7124c02dc9bb544c8859c7fb608ca1aeef020ef81201f8c1908dd60c31915229e8541c0fc79e8cc70bf74a52f780225f260b0da6577cc9121027a36f0eb6ba16562abac5d53daac8274904bfdfd8e3936ba975fc377952d95e0b7b2c5f2225d83b91f713e7d40ad555b5a6039f92505730017c2d15ac1791e7c89d998423eb6531ee02c74e4d8947e0b43549fa806fc99de7e043640af0855244354a8ed4eba89a198706844bae55286b1ef56d0705394e692892ee90b4dcd7d5f60eb5ae45ed68bff2fb3df2f46c31e3497a9d341770d8802e43a2a94b7f7a1cbfa15bae70d7e5960b918c42a4769837be8fff9edf5c005e063aa2889c153737268f3468bce2049e7721729cdcb9e19290fb1c4baee357ae3168d59395c97cd7805ba0ec7eb166de6d72e79ac8bff393ab8dd4cb15469386488f94a3e1e4afd8f1df4c494910fe9e7952cfabf1672bb9be595a9a1ba77c8d3ddccd98ab9157028f846b0435fa3a64c061bc6908a233c97524bddcaf0ec5960d4827680f0f1ae445492d7cc0502d1e43df958c8b7a83fccba488f44b47a44d72aecb42e255e0df048934923bfb3f2f6b5c04b6011f698d2c9bcd321a906694e07f22f9867b030077bee5a0282e61030000000049454e44ae426082),
('telepon', 'hitam', 0x89504e470d0a1a0a0000000d49484452000000320000003208060000001e3f88b1000000097048597300000b1300000b1301009a9c18000000206348524d00007a25000080830000f9ff000080e9000075300000ea6000003a980000176f925fc5460000062a4944415478dadc5a6da86565157ed65aefc7dee7ce9db8a1a39935311221a6a436604533e68f899a4928aaa97e4404418242f42f6812c51f06fe511251848282d0329974c248f163e803736a604206a3822e4da834f92387cedeefbb563fe6bcc3b9977bcf3dfb9c7dbd9716bc5cf6be7baff73ceffa7ad63a879819ab8599c1ccbbccec4b66f6d99cf3956646cc7c4e449e03f088993de1bd47dbb6f0de839941443033f42daa8a9c3300c03987a6691042404a09aa0a5505ad0584886e56d57bcdec3deb2927a21fd7757d6bd33467b703900b28cc0c220222fa4ccef9f1492046cf7fb1699ae7cc6c37b681f0aa53de67663f587d7f3d49295d9d737e06c0755b0ec4cc404470cebdaf699ac75475b1a38e2b86c3e12f55f5a35b0a24840066de9d737e02c04533faf045c3e1f0a8995d5d62a5afc5cc53c51dc71805c043aafade390372a9699a3bfb3e693383aa6ef89c1b0e871f6bdbf6401f9bb66d7b8899af27a2137d8321a2c91651d54ff6b8a7cb39efef13c0d41babeac77b0d3ae6cb44a4175dc3e110ceb9a9815cd6b35b4bd7d35cab00767ddff55d8955f5d594d2ccef131172ce588b714c044244d62718e7dc8b1b05e624c9399fa71c5d8130f35f73ced7f704e27808e1d959df4f29cdec928e888e03981b0811c17b7f87aa76b67071a7793cc389c8c9797c7acc1ab79ad9336ddb764eb1850dccb53f33ff9e885a33f3b32a09211c4929dd5fa8765720de7bcc9bb259555f26a29766551063bcd37b7fd796b35f118188fca66b7261e6df39e70e89c8ed9bd14ccd0424c6f823226a3ab8d21d21840f33f3b1711799b4c6037bde7858334646ca4f32f3e99cf33553e6fafd2184bb55b52d1faaaaaa0d63a190bf9c336689a789742284504e28a7943e356580ee1191bf79ef4f8ef70debadd50c76b5954464c57325938dff2def323372ce10910b54c6ccc0a5b127a2a344f446074277c4cc96a6a9d46ddb62b3e3480683014601ff2680c594d2be29adb29473be24e77c34a584d5abd4937197da548b8c6fcecc0f10d1d90ebce82bcc7cd839570e032282724d44b0b738fd4244e0bdff478cf1e18e5de183aa7a6dd334286b2bd23197015759ceb9ef11d1bf3ad0f6b7354df3d3aaaa762f2c2cc039b73540c673fda8c95f8e317ebb23cdd8d334cd3111b9bc2bfd5e477698d90d000e98d95e006143e219635cebbe6fdbf65955fd4897ddbdf77f64e68300fe590253cd60aa2b827dbc8e14aee59c43cef9da94d23754f52633bbbc145000a745e44966bec739f7ea5a235378efd75c2184ab88e81c00ebb8fe5455d5953146d4758d5855082120c688aaaa5055d58aa1371195ff7d9388fe3b4937112dd775bddf3987c1608010029c736066488c71bd42f63a807fabeac18e6eb12be77c98884e33f32b76fed857586475114d29dd9252bacfcc369a34ec54d5cf9bd929effd2be3e977c3299f883c3c83550c40ebbdbf2756d5d2b845628c180c06585858c0e2e222eabafe32806157dd5555dd366e9189d46204c48bc8f3338231663e15423854dcaab8dc8e1d3b50d7f50122b259753be7be53dc744320cc0ce7dc3b997979d60d0198883c1663dc5b2cb273e74e2f227f9e4727119973eeb0884c07849931180cae63e6d7e6d9184072cefd2cc6f8a1aaaa6e995357b1f8725dd76fa769f37e5dd768dbf6836ddb1e33b35d3dd48a5c8679f34a8cf1abdcb1f0bd1442f884889ce96b22d987e49cf7762ec3ccfc8710c23e22fa2db689a4941666e5137f19f5eb8f6c072044847988d15911f98273ee5b5dfafd4d69aa44cececdf098f96e11b989994f6c1510effdafb827d3feda7b7fa3f7febb23bef4968973ee4511795aa61dcd78ef578cfb75c468c7c034ccfcb488fc1c406d661fd8f41e84f93fccfc69553dd3279072fd1a111d15915f0058027045193bf52c4d55559fcb391f4f29613380143923223f1191c789c899d93b002cf696a598bfa6aa8f96c1c4660229f75f27a22745e48744748a888600de0d20ce08e2cdaaaabe4e44df1f8db1cedfef42519aa6b9f0e5644a69c57867fc4735ab47a4e5ba3c07e05d39e7abcceca0aaee077029808b27f5fa44748e999f72ce1df1debfdc340ddab6bdf019dc1665cc65225a26a2a79879202217e79cdf0f608faaee027089aafa5140bf21227f07f002119d58ef1748b41d26e9bd6430fc9fc8ff060051b3d7c40d6eed5d0000000049454e44ae426082),
('telepon', 'putih', 0x89504e470d0a1a0a0000000d49484452000000320000003208060000001e3f88b1000000097048597300000b1300000b1301009a9c18000000206348524d00007a25000080830000f9ff000080e9000075300000ea6000003a980000176f925fc5460000032b4944415478dad49a4d48155118861faf59602a291561988965414858045a51818a61418b20282dda45ab681b14194505d12609238216fd400981d92f04898b2c2842292883fc41db941064f9ffb6b8e78284f77acfcc78cff4c2d90c9cf7ccc33767cef77d33699288a3c5403db00f5863ae4d022f8166e01e6192a49946ada46e25568ba4c238f3533e66bab857d28492539fa4d2308044fe09d076e026909e64400b802740b5eb272b6dda1e590d7400791e7c86815d409b2b9058440a81c71e210016022d40b94b900ca00958e5d32b07b80ccc7305b203d819905f8579c49c80ec0ed8b3c215486dc09e1b5d812c09d873be2b90c9803d3fb802490fd8f3b52b908100fdbe020f5d81b407e8770a187205f22620af0bc02d9727fb7b60caa7cf5de084cba43102741a18afba031c02e41a64c2e33ee9058e0175c62314156285a43125af4b92f2c2521d4e2fac3a802f16fc9b809f612ad9632002ae5bccdb061c0913c8f40a311ff86c8aa464d40f6c00be8729220083c0358bb9054063182302b0d2247d99161ef5c0ed304504a007b86fe9d1e8aa0649141180227340e658268b5bcde3198a88c46eeab4a54f11f0d4ec9ba0540c9402eb922a35e21c309992deca5e5d3edba88b249d90f44ed288f19c32be67252db56999c646b9a43f1e603e4a2af1005125e9d32cdefd92f6d88220a941ded42fa9d202a2da22459a9454670b9221a9d523ccb8a49392b26759a34cd2a007ff33362048ca91d429efea4a109d02133daf3a6f0382a46249433e169c92747d864f10cdf2afe392663c4712258a8f802c1fafd4dfc003e01c901d50c76514586b030250656e24cbe7e2e3c02f2037a033e78c2d0840a581c90e5116df13f130e905d18e7b77884072231e27b6136d7ebf0a0988223e267f21faedb029042023119f06c3c051e000f0cd21c80d2f9b3d9e56986ee3fe14438c012591000dfb4c646a88fe1d912a3500bd73d5674a97546fd2f1b9d455496936298ad7b140528da43649a301433c9fbe56907b643695020781cdc0169f5eadc061e047a29a3d15da6272b75a60bd459630005c04ae24d37c48b59603cb8032a27f60e49b11abd3474cc3bc037816af2118069039eba2fc97fa3b008687e15fd16da5590000000049454e44ae426082),
('telepon', 'merah', 0x89504e470d0a1a0a0000000d49484452000000320000003208060000001e3f88b1000000097048597300000b1300000b1301009a9c18000000206348524d00007a25000080830000f9ff000080e9000075300000ea6000003a980000176f925fc5460000034a4944415478dadcd85b8855551cc7f1cf9c264113cba86c548a8850071db409ba12296a3dd8cdc284ea218c4406a1087a08eca504232d428aa0c4ac5142b21bdd06cd0449213022ed4237b45ebc947483341d4f0f679d08f51cf7da67cdd91b7f8f7bceff3ffbbbd6faeff5ffff3af6cd9aa58186e316cc4777783688cd58876d4aa4ce06cfafc24a5c7192bf4d421f9ec3a3f8a30c2095933cbb011b1b40fc5f7df818179611a407af6264c6f8cb3180c96502e9c27b181f99a3079b32ec605b40cec33b3920ea1a1316614a91201d4d0a3b461760599120d7864f6c0acd0ef90a019993f8733ea728909b13e7ec2a0a645ce29cc38a02194c9cf36051206724cef94551200712e6fb09af1505f249c27c4f17d5445612b6e32fe3f9222fc49da8b69867008b70a44890cff04d8b10b7e350d14de3616ccd11fb1b9ec06df8bb2c6dfc061c8b885b8da95852f44e1c0ff211f644c49d1df9fbb6810ca23f226e6ec28e39f984b8064723629704a7a574203f606d446c379e2c23082c8f2cdec561982a1dc82eaccf71a35f5a36107826b256baf046f892950ae473ac88ccd38377714ec2771b8db1321a809506cf9fc2eec87f7c5dd899912dbcfc702cc0fbf81adfe15b3547731146340aec686262df8ab772bccc66dc855f22e3aec48b9a7b63bbf000b667dd11785bcdef8ad58cd0bbf546c4f4e203a736f826e3434c8f01814772ce2b13d58cf0856a0660335d16eeafd119738f0af5b82006e410eec0cf398bf585b082dd0d7e332e004f88cc3d022fe1a1ac20b0379cf9bc6ecbec30f33cee44cf6b252e6e71b4bef754c57ebceec62b19e19b2dcaea00303614ed992d7ea67fc7a418903acc1aad5b4807c3583c26d19dd3d71919b036ccf7fd198ab899ce4d7cb1cfcc734cd6615e382665d1a8bce7fd7535d7fdab9280545b29dc1de162da50029063951613ecc79d7830b82a45697b2551a267713db614003188fe4ac2843b3113f7e3cb36822cc7f79521589d55b81a0f1b7acb683d1ecbdaa2e4d19fa17de8c57d43b443db700ffe194a90ba7e0d33fd34dc14da931f13e4ddaae637ff679a77b6e91c1f5133bb0770166ec435a1a6a6442ce85f61a797d67722cb84d82ecf60222e0a13e225383fcce9f516e87018233ec59b6afedb89a36eb55a753aa8e234d1bf03009905a33a8c35a4430000000049454e44ae426082),
('telepon', 'kuning', 0x89504e470d0a1a0a0000000d49484452000000320000003208060000001e3f88b1000000097048597300000b1300000b1301009a9c18000000206348524d00007a25000080830000f9ff000080e9000075300000ea6000003a980000176f925fc546000003344944415478dadcda5b88167518c7f1cf8e2615ec4562ed4650161d312a6241483a6f74b0ba293b9074137421dd65879b82baeaa005950506519a564a291452d101422da3885aadd8c012043368adf4a225eced629e0509dfd7f9cfcceb0cfb83f76698e7f77fbf33ffff7f9ee79919d8fbcb35ba680e166311ce8d631d6cc31aacd5220d7401b90ecfe1ac1eb1efe17e8cb701243bccb18578f7081070233ec3481b4116e055cc2c183f844db8a94d20f3b031d6468a4ec4dbb8ab0d20a7c49c9f53d2e718acc6154d82ccc04b985b75e3c0f3e1d708c8e535cef1f3714753200b6bf6bc7eba800c3505325cb3e7cca6400ed6ec39d1e4ae55a7be6d0a646f8d7efbf07253209b6bf47b047b9a02f9a226afd558d1e4937d2cea8c2ada82254de75adfe0fb0a1e5b71330e340d32894f4b6eb3cbe3493ea1614d65bfeb139f27af455eb5147fb5a9b0da829d097167e2d736d5ec532007a3a150540b70771b416015fe49887d1c27b411e4e78029aa53e59d96d681c053d89f10bf18f7b611641c6f247a3c8bf96d03811712d7caf178aba982aa17c8189e49f4394dde85995de37f3b36fc6697058127f143e2c023781f275504581477780c3fc5ef733cd6ebae0ff468625f8d0f7bc076d357b82d76c1149d8e9518ed71ce1edc87778ade11f818cb4a5cd19148246f4888391b9f1c01024e96773597a480c0a3250baf616cc04305c6188cac626e82ff0a3c9d0232893bb1bb04cc2c3c810f705e977366e04de53afa4b0f852932ff77e316fc5d72f18ee26bbc18d9c0a17a38710a7685e9b5d8ffafdb2385995561e089684eacc49f51d055dde5607e0ac8d4d6f87a45189106ed8a9aa60ead4ded0aae9777ddd7a8d6511cac1102aecc4a04ad93bfd4d9af3d3a2e2b19b82e16f1784b403a5985e02f71496265d92ffd9b5534f83d6a9207f04783203bb39a8c96e1b2484d9ad0f2ac46b3315c857bb0e328426cc6c6ac66d349bc824bf1a0fe37b4b7c7d49eccfa34c0be481d2e8a4cf5c73e8c71201e03bb8ae65a55f49bfcd5f78551a3ac52cffb9809dc8aef8a1456fdd210ae957f5c302aff5821e5826e8a69bba36885783434883370312e08c8619c13353b7917747b94de1bf0d1614bdd4ea7633a28334df4df002bc7a4c7747e88f90000000049454e44ae426082),
('telepon', 'biru', 0x89504e470d0a1a0a0000000d49484452000000320000003208060000001e3f88b1000000097048597300000b1300000b1301009a9c18000000206348524d00007a25000080830000f9ff000080e9000075300000ea6000003a980000176f925fc546000003424944415478dadcda5f88555514c7f1cfbd4d624609216903ea14fd19029d902c480b3492298249ca8afe414f3d04d5434449d13f2c7a084a89a808ec0f66504654d03f13b2a28cfe4d0f055109c9bcf45466a5a9b787bb2e0cc34c73f7b97b3a1bd7e33e67fdcefe9e7df6de6bad7d1ae7ddfb9b296c3eaec7953835da0ee163bc885714647d53b48fe0310c4c716d04afe156fc5202487392b6cba39303d3f8aec54e0c9608b21acfa2d1a5ff62bc8b5525810c621be6266a2cc41b182e0164006f5580e8d8b178152beb04391a4fe1941eb5e660439d20abb02693def919b592412ecda8d7c08575815c925973415d20f3326b1e5517c8a1cc9abfd60592fb0d7e5e17c85846bdef633fa905e4c38c7a0f617f5d209f65d27a182fd4b9217e8dc33dea6cc6faba63ad6ff14d8f10379610fd1ec447157c7fc44d25408c8f7e5fc23f097e8fe32c3c5d4aaadb01f9143f25f82dc1819272f60e480bcf24f8ad2ee5939a2c437c197f25f8de85134a04d9130956b7b6184f9408021bf17b82ffd5b8a644909ff17ca2c69338bb3490cea8fc91a071bc76d5716169203fe0c1449d4e7d6b51c67e9d8e6518c2ac2a2062128f263e7c106fe2a41e00fae3257e15a1d317110b8e4650da9f0ab20f3747f892624bf0364eab0031121dbf1b4b278cc219b833ae8fa48088f8ebfe0a1d5a1abe29458de19867d3152e16c47d57a5807412a5d72bc09ca85d08df80e3a6b9774544d07d5d6af7612bee490139ac7d46325a016656e4283b4d5deb3a53bb543bbf82fe0378a45b10d81b43b9b7e2041ec2fb782ee6d0c445656e0f8bc31db8ad5b904e51616d0f30700376699f760de1625c9029c55ed44c70d88ecb7a84998d6bf165545b9a194066635daad0073132fb326c78c764dcd857567923db63b9fcaea074644ed5a1edec133b4a0de3536c77c06c2a80e340af93ed6fdc822b2205a8cb7634330975ce0fb7d400f127b636330a8ec5d23a1c0bc2ff65eb31d69c01e1777011d6c5063893f6a8768d4d73861ed08a28754540bd277f1d6c1b6ecfb16a75630723ce5a1379fd7df82483ee165c37bea1f11f7f07cda49d83e5b17c9fab5d1febe6b791dd91236d9e78a12e90f1362fd2e36538397299fe7160fb0360577ca29376b8d16ab51c09d67484d8bf03007a749819c73f88ae0000000049454e44ae426082),
('pin', 'hitam', 0x89504e470d0a1a0a0000000d49484452000000320000003208060000001e3f88b1000000097048597300000b1300000b1301009a9c18000000206348524d00007a25000080830000f9ff000080e9000075300000ea6000003a980000176f925fc546000006524944415478dad4995da81d5715c7ffffb5f7cc9d9924774e9a18c417eb0782f6230f0dd2a46a5aad8126248dd6565b68a51525a252c1168a8d2fada808457c898ad5504da9568b497313c92549ab68c4a2624544b0145f040bcd8d9093cb9d3d7bf6f2a1732ea727f77c9f7b922cd81ccecc9c617e677decb5fec33ccfd1cd8aa280aa0200bcf720892449608cc1301642c0f9f3e75b5f49f2fbf5e7e701549880594cd708e047aa7a7ffd7d86e4fd00c2b8379669430068414055ef53d58300cc9502b216c0c176880e981f8f0b337468555505925055901c3447de0de0d3ddceabea7d75f23c306ace9824497a3e747bc2928488c07b0f0070cec13987b22cfbadff026802d8d1e3593603b89ae451003a15901002e2388688bce99aaec9f1c6effe40f23555dd55e7cb446146025155586b974bb3b516c6987eab01601bc99321840ff7c8cfcd0036913c365590d6f13e1e992dcbf27059969f35c6bc6e8c792a84704b8f04df02202779e2b20121b9d63977c47b7f4b7d9feb6a9867fa78662b808d247f7dc94148ce38e77ee9bddfd151c5ae37c69c1391674208db7bc0bc7f50cfac1a481bc4ae2e25f91a11f91fc9a755f5e6713db32a2024679d73cf79ef77f6d95fde27224b22724855b702887a78e66d358c4e05a48638e2bdbf7590d856d5f78848658c793284f0c11e3037d4a5f9f99560260a4272b6288a235555dd3c4ce954d57791a431e6877d60360378c74afbccc4404685e8801111795255fbc15ce4999141a2285a3e2e226341b4c1bc534428224fd730326807c02107abb788c84d55555d6baddda4aa5e55ff1342d85d55d5f649b5cad6dac3005ef4de7f0b40d2638ffa496b9e19084455777aef3fa5aa3b5575c334fa7e6bedb3004e79efbfdb07e629929f63a3d1e8e666bbb4b4745b59960fd7093875b3d6fe02c0c901600e185585f7fe4dabaa2a9465f921e7dc09557d3b2e91d59be692881c08217cb4dbfc1445d13f2022ddd6269267ea64baa4cb5afbac31e6410065e7b9388ee7f23c5fdb0b0422b281e4ef2f079824491e32c6dc550b15cb108d4623cdf31cfd402e0b98388e4f341a8d8dd65a00f80c001fc7f1f116449ee7a0c840fac30655fdb9aa7e64da7912c7f1d12ccbee01d06c369bf0dec35a7b7d9665af905c1c5645394b720fc9e3d384989999792ecbb23b54b5d971ea6f00164795831649de49f2e4b420d234bd5b55cbd5d0b516497e12c0995586f8559aa6f70c0a31aa40b72022bb570b268aa2f92449ee5555370da5714144764f3acca2289acfb2ece3002e0cdd056459069270cea1288ac1855c7201c04b006e9d50759a4fd3f48e51200040acb5b0d60e2c7fb6f5628faaea578d31a748fe695c88da13cd9145ecbabb1df677fb017c3d8aa2d34992ec52d51d00fe386263f8972ccbf68eea8991456c000f0378bc86b8bd78231ea3ba0f1a65984abdf7daefcf24096bedb2ee3c6eb2ef03f0ed3688a6736e3d8079001f4892e45192a78654f7dfebbdbfa6aa2af45aad37665ddf96e5798e46a3815e236f1b845a6b7fb36eddbab5711c03c0faba0c6b96655f999d9d85885c0560d8deeca621c311b3b3b368f559799e0f1c5afb007ccf5afb529aa61f6bf3c47100376659f6501cc74fd433fe8288ec09213c0f60db8065578729362b5d3b08c82300be1945d10b4992dc5914c58273eead00e648de9065d9be288a7ed011e3674564b7aa1e52d5dbfadcdf19635e1bb66a966539548eec6f83b8bd288ab335c47c0df1c00a10cb9b26c94ff4d36d45e4ef005e6d55cf51572f8f7c0dc0637562ef2d8ae2bc73ee2a0047495e57431cec536d1649de0d604e55b77509ab17a328d211b680813cb21fc063d6da7688f5008e91dc322044cbced523c04abd59b0d6feb416f8c65ad2c5138f4751743a4dd37688e3006e4cd3f40b434074ce33673aaacf6911f96b0801e38696ace489b67da2154ec7daaad38111c3e02298288abe31090855856d49a1aafac5b61d7b6f5d623b219e183396cf92dc03e0b0b5f6f5288a5e9854e7cc356bd600c0bac5c5c557489ecbb26c8b73ae05310760eba01021045cb8d0bf65121193a62901f8898979759b7097aa6e8ae3f8c1aaaa9ade571b6a884979e2a2ce64d2039900b065597e59445e25f95be7dc9754c39f57116275e45555dd5e55d5b524ff5d14c5cbaaba91e4bf9224b9378ee3435702046a6f3c52b7d3571b637e47f23b223247d2e10a32abaa2f1b23ff34c6feacee5aaf48fbff004205c919ed62580e0000000049454e44ae426082),
('pin', 'putih', 0x89504e470d0a1a0a0000000d49484452000000320000003208060000001e3f88b1000000097048597300000b1300000b1301009a9c18000000206348524d00007a25000080830000f9ff000080e9000075300000ea6000003a980000176f925fc546000003a14944415478dad49a4d681d5514c77f896d9252dbf8813624b8762308a252a8ba1014d44aa9551752177e801517ad0b4ba1a95015bb104170e1422d15eaa22668917e4831c5d43429b44253850aa228623722548b16fb687e6eeec010df7b7367deccbc9703979737b999b9bff9df73cebde7a64fa566eb03de070681e7817fcbb8e9b22e407c083c13be0f029b812b1ddf59adabf5a97bfdbf7da20e767affba20ae55f7d9da26d4814e9ed157938fdc099ccee833013c5dd467fa6bf28d33c0ee8c3e4f00fb81815ef711d4ed665b219fe9af31625d07ac005e8b50e683dcb3a5262556abd3e18d1f5477ab573294794fbda697a2d6aa14446293ea9bea4206cc3eb5bf174056a8475b0cf2a0ba2702264a992a2186d4c31983fc2cc05ccde8f751963255410cabc78cb323ea5b6a23a3dffe76d1ac2a8869f3d954f099ac0030d96a05d00b1069983d11ca34cd33bd0291d8f1486526d4e5558094019156e6ed887e07d2d32cefa27104b817b80db80958007e051e09d7cbb243c02cf02a30d4a6df24f014d088dd476c503f562f5a9f4da82fa8ff44f8ccca7600cbd58dea49bb679301e67246bfbdedb6baf7019fd25ddb143eb701efb4996683ed5698e7816fe9be6d021e0076008d26bfff1278a91dc805e021e05c8fc0ac0a858a74749a02360217639c7d4c9db7bb36adae09e3792e2c348f875a40ae3c32a69eea12c4b190a7d2e3b92bec710a151f8681cf4310a8cb0e871de3e5cc8259ce84380c7c01acad01e208f0780c44912aca9fc063c07cc51047f340145124b1b120fbed15409c00d60397eaa86bfd063c0ccc950c310d3c9a17a2d302dd0560a664880dc05f7517e8c643789c51cf9490275677a3889d409c5457aad7779067e6d389ad682b723ef20af07af08ff5c0dfe1dca351704a0d0157eb3e1f7931bcc5d9a002e173365c7f439d2ba0cadd759e8f2410a75a40ec0cd746d5b33941d6d50592409c556f6e0231bea87f5e987bea00d9919a4e09c4887a3a5cdfdae2ef46d41311100df5d6aa41c69bf8c4486a59bf25a2ba329301722eb6505d1464572ac4261037a494d812f9903519d3ecdd324a523179220d31971322bd9f6906b3a0de5115c8ae0c88970b3e6cb4c94e73aaac4a67ac128b436cd1b65899fbab00d99aa1c4ce921e3aaa7ea31e2ab3809e3ee3fb5dfda1222516b7814eff41a0154892f03687ef3756a044a52d793bdfab3fa9b7a8dbd45f96124402f26018f4cfea1fe1e71fd567970a4402f2752a8accaa4f86834c96525b162a22df010780af58a2f6df0089919d890de0a31e0000000049454e44ae426082),
('pin', 'merah', 0x89504e470d0a1a0a0000000d49484452000000320000003208060000001e3f88b1000000097048597300000b1300000b1301009a9c18000000206348524d00007a25000080830000f9ff000080e9000075300000ea6000003a980000176f925fc546000002de4944415478dad4da4d6814671807f05f86a0d48378d383081593622f0a928b872a8806540a1e3c04ea17442a11b1bd6b8cdf374141bd69c580bd894544919e042f8a36251eb42548148b2d8a82888a5a0ffb8e2c21ceceee7ced3e30ec07c3b2bff9cfccfbbcef6ed7d3d5ab55505bf10386f0208f0f8c2a429cc12afc8e259d0889115de1f57cfc86de4e8144189c82886b411ec99405998583d320e4954c599057d88e3709fb644aa6cc6be432d6e145c23e2d2753f6c5fe0d8ee149dec9940919c1296cc2094ce6994c5422625f78de836d38897ff34a262a19517f8a0de278034cea64a20a10ea92d99202932a99a822445cbd29310d93892a44348b494c26aa18915b32511b207249266a1344e664ba9a9c58756351d8968526f036fa309ce34179103ae51ff175c27e8fb11e6369213dd888817014669430fedcc761ec69308e4ca2bf1164317e0ed3d2af2a984dfe8503d8db003391748df4e1cfd07e578188cf84e13097499adbcf4f823c6bd072978d398c875fd8e748126402fd78da269811ec0817f8d4bbe5fe46b7df3b58db26980bb886eff15f3d22be9d4a89b982b915213e7f61dcc59a30209e6b7640ac32997a445c7fd4239a1dd9abc04c87c8a5fb2d13931ad16aaf5506a6294496a631c63c6a0744d6eef70e76b703222ba40787f00ecfab446481f4e02abe0df387ef4227d04abd0f2dc8fe2c4721ca8058a8b63ef52bee61b4c5eff00117b3c6196544fc12dedf1ae60d13929743a7ab9961a42e0d9284381b3ad3952d369a73ca823442c49df2238cb730cefc5f06242de2ef0c83e6dba221ad205ac1dc2f129205d10ce6256e1605c90391167303ff1401c9139106732a8fde262a019184b985eb79437a0b444cc5c4cba147438b92b9baa7445c24a21eb306cb7129afb63986f4a9fd37e47cc188b8c6c2965bc5a7d6ae10f11eccc64f05220aa96eb525fa81d05a6cc64ecc0baf37740222860c85c7a5611b57fb9d6314af7548756385dacadd2d9c565b88fba8c3ead300c360ec6a20d134050000000049454e44ae426082),
('pin', 'kuning', 0x89504e470d0a1a0a0000000d49484452000000320000003208060000001e3f88b1000000097048597300000b1300000b1301009a9c18000000206348524d00007a25000080830000f9ff000080e9000075300000ea6000003a980000176f925fc546000003ec4944415478dad4d959681d7514c7f14f62160bb6ee20f8e09b8a2b885b458316aab5d1464dab608ba5a860f1c128168bdc885b91ba564429b881e8834505ada958975ab58de282a9421171435aad3eb4a9d5d6a61a1f72062e97dc3b779b49725e923b77fe33f73bbffff99df3ff4fcb8e9f66cb395af0343a7103fe69c645db2600e2592c89cf9d5884fd8d5eb875022160015e0ca0290172089e2f812885e9980a2027627185efe737aa4c5e209fe39e94731a5226cf1cb91b77a49c53b73279821c8669b8b70a659ea9f5b7e5053203af872aa707cc4885f317e1491c349940a6632dbae2730f4ec6c318ad30eea6b0ebd6c900320d6b8a2092e8c549589902b3b85a65b2043918af604e99ef7bc29657e2bf14659e4bfbad59811c8a373037e5bc2b22671ec5810ae75d87172ab9596b8610d576a397e20c3c9462000bf152b93ad39a1144578de366e11c3c92a24c6fb93ad33a09204a61d294493a80f62c401a8548e2a28079a2ca0ea0a3def5c831b800a7e0e8709b5fd01dc79b11b3f037eec45de17ee3c5d521c4b518a906a405f36260773cfdace332ec431f1e8b7a544e99512ca904d21e17bc1de7c93fe6c743bc15ab2a28b3007b2a8174e135131bbdf1b72f05a6b352b26fc5d7263e7aa3262d2fe366efe2e64a20dba3586d992430d3a32b2eeecddec395d89566bfdba2cd9868980f630b690d6e0c980dd1e2ec81962af7b58ec5abe1f179c73b91d0c345c7cec2b7d85d6b41dc864be2c9e41903d1250f971cffac18a2d6ca3e1cf5e4939c20d685127bb358580de32a0c650cf156d491bdd50ea8a7d7fa352afc5086897d4d2d108d348d899b0d361962232ec79f796e076dc7c74d86e8294de23c400a58864df8a209d369de38ee94394801f76173d8f26c7c5ae7b5b644ceed6ee449d4f37e6459400c4677fc5774a9230decb6fcdbe8bcac5591a5783020bab11387633dcec78a3aeaccf138354f90a5782aa65031c40066c6742b448357ab35b7e70592400c45529642f4871a899bcdad11a6250f90e50131888bf17bacddd707441fee1fc79ae7e0a32aae7f007f640d52c00345399140bc8d3343a9c7cb8cfd2d8adba6947b6cc5775982f417596c92134718db593f2d205657d19ba5e5cc4695f77e1b0229187b87b1392c3681182852627595f7d851a1371b35f692541620c54a94429c8bdb6a80485b696ec09759809453e2cd8028c43e53bdbd59a99bad6856a3565cd96f4951a2d0841b27caac8de5c0fbcd0249d6ec33f03d76e1ec1225663609a238923ddbfdcd5664218e32b6abb71347964ca766423415a038473a625afd1856d8170998154426d1860b71027ec65731a57ec0f5c6dedd992a20fdf1ff7151c157197bd7b1cf148ab6b0c36ff0323e3045e3ff0100b5e9f2c2edd66fb60000000049454e44ae426082),
('pin', 'biru', 0x89504e470d0a1a0a0000000d49484452000000320000003208060000001e3f88b1000000097048597300000b1300000b1301009a9c18000000206348524d00007a25000080830000f9ff000080e9000075300000ea6000003a980000176f925fc546000003e94944415478dad4da5b88557514c7f1cf4c334e42da1d7aebada22b44544a0d2558e694538d16a4245241d2435324499ce92e6157230aa12c887a4822289b22bb98954ed185c6021fa22242cb7ad0314b73ace9e1ac1d87c39cb3cf6def99592f337bceffbff7f9eedf7ffdd6daff3d6db3ef199173b4e15974e146fcdd8a93764c00c43a2c8be32e2cc1c1664fdc3e8110b0082f05d0940039022f944194c34c9b0a20a7606995cf1736ab4c5e205fe0be94314d2993678edc8b3b53c634ac4c9e2047613aeeaf4199e7eafd6e7981ccc4eba1ca5901335a65fc123c8dc32613c80c6c40771cf7e2343c8ab12af36e0ebb6e9f0c20d3b1be0422893e9c8ad529304b6b55264b90c3f12ae655f8bc376c7935fe4d51e6f9b4ef9a15c8917803f353c65d1939f3380e5519773d5eace666ed1942ccad71fc65381b8fa418c062bc5ca9ceb46704d15de7bc39380f8fa528d357a9ceb44f028872983465920ea0330b90662192b838609eaab10398d6e8f3c809b810a7e3f8709b9fd1137f6f45ccc15fb80b7787fb8d17d78410d761b41690362c88893d71f7b38ecb7100fd7822ea512565c6b0ac1a48679cf00ecc967f2c8c9b781bd654516611f65503e9c66b2636fae2677f0a4c57b564df8e6f4c7cf4454d5a59c1cddec32dd5407646b1da3649606644575cda9bbd8fabb027cd7e77449b31d1301fc516d27adc14309ba2c5d9576b1d49603e9b208877c33577c5f1baa835ff43d4531077e0d2b83379c66074c9e5bb889f636fa3957d24eecca73941bc15d6ba3f8b07ab115c8de18c21de8e3ab2bfd6098df45abf44851fce30b1afad07a299a6313180a116436cc615f823cfeda09df8a4c510bde5499c0748012bb0055fb660392d18c79d320729e0016c0d5b9edb449dd91639b7b7993bd1c8fb9115013114ddf19fd1a58e36b1dbf24fb3ebb25e4596e3e180e8c16e1c8d8db800ab1aa83327e18c3c4196e3995842a510839815cbad100d5ebdd6dc99174802311c49590e31106a246e36bf4e98b63c405606c4102ec16ff1ecbe3120faf1e038d63c0f1fd770fe43f83d6b90021e2ac98904e21d9c134a3d5961eeaf51dcb6a45c633bbecb1264a0c462939c38467167fdcc80585b436f9696339b55dffb6d0aa4a0f80e636b586c023158a2c4da1aafb1ab4a6f36a6f892541620a54a94439c8fdbeb80487bd2dc84afb200a9a4c49b0151887da6467bb372375bd5aa46adb4b2df9aa244a105174e94d9108f031fb40aa42dfe176526bec71e9c5ba6c4ac16419446b2677bb0d58a2cc6718abb7abb716cd9726a25444b014a73645a2cab1fc30afb2301b382c8243a70114ec64ff83a96d40fb841f1dd9da9023210bf9f18157c8de2bb8e03a65074841d7e8b57f0a1291aff0d0019c7f0ef74e9c9560000000049454e44ae426082),
('baju', 'hitam', 0x89504e470d0a1a0a0000000d49484452000000320000003208060000001e3f88b1000000097048597300000b1300000b1301009a9c18000000206348524d00007a25000080830000f9ff000080e9000075300000ea6000003a980000176f925fc546000005544944415478dadc9adfab147514c0cf39df9fb33377f7666617cb8b7589f27ab524a5d2a097127b288aac242108328a7c88fe80a81731882028e8a59e82b0f22132901e02a5a234c414092a7c883490502be5babbf33da707e7dab2edecceceeedd950e9c97fdce7c773edff36bcf994511814ea2b58622a2b50611011101a51430f31400dcc3ccb322721733df404493cc7c4a29f52b221e46c4ef00e05b44841002202268ad8188607e7e3ef7bb4208b96b382410cdcc8f8ac84e669e139125bdee23a2efb5d66f32f387c300b9729aedaa942aa4d6da8d44f40d00481945c47dc698e9288a208e6320a25ccd7b5611190c8488b623e285b2102d30a7bdf78f2749327a10adf56600680e0ad10213bcf73bb203ea1b243746e238eee68ed75fba74e988882c87e14aaa94ba1f000e745c4cd3fc58cdcd0288b99fd7ebf5dd8b000100a045e43deffd9d88f8673f375297acd2510160264dd36db048c2cc33699a3ec7ccd0aea5403a061400349bcd9d22e26111254dd3e789e89a0e87d83f48a71309214c361a8d6db0c8c2cc37a769fa54a7831c8a4542089b44640a4620699a3ebd2831a29402005803231266be5d446e1b18a4835b510861cba84044c4359bcd27070e7644bca2994c8510d6c36865755e19285c47da834b44568a483c4a0a11b915000c22364bbb56bb754464c388ad01cc3c1d42a88510bafff2ed6691f61b4308ab470d22221500b81611ff28ed5aad05286b806e84d18b45c42545e2a4501d61e60911991b030830f374f60ce52cd276e354d6c28e5c8c312b8d313d2b7b2e48560017acb314000c8c4764a082b85043b28666038c4f0a15929e7524f3cfcde3a260e68bdd1aaac28d152212334f8f0ba45eafff52246b15b1c8321159312e10e7dcdfbd7a91ae202da65d27229363e24899f97cafd45b28fd32f3eab14539621d11cf0f94b55a26915bc608f23b009c1d286b65697739336f1c23c88f4434dfab18f68c1111592722d1b84088e8f4c260aeb46b19630000b6b617c89c2ffc0811cf943871504abd0f008d9cf5e3453bc4dc11641445334424002044f49373ee73226a40dba85329b5d718035aeb57a1cf31a9d6fa481cc7a0b57e3183691da1ce7bef67bcf7b0a0a566bf88780b11edb2d66eb2d6ae574a9d80ffce6bcf5a6bab5114419224538878ae1f90288ab6552a15b0d682d6fa40dbde17e3389e4b920416b41488730eacb5e09cdb8c88bfe53c4c9388f66aad57244902ceb9378a4210d157de7bd05a3ba5d42e44fcabfd1a63ccfe5aad06d56a15aad56a39902449d05afb36149ba49fb2d63eebbd8f89e8e702d7a751146d30c6dc8d8887ba5ccb131313f7d66a35a8d56ae54032933f8488278a9eb252ea63a5f43b05aefbda18f37a7b5c745263cc074992401cc7a52d0297ddc5efe8c7ef9d730f2aa58f75b926586b1f20a26305ad7d318aa255954aa5bc452a954aa494fa018abfacd9e99c03effd0b5dacf169161bebb29f1f3df7f5debf543a462a950a78efefebc3adbe30c680b516a2284a88e87807d0f9384eee88e304b4d6a0b57eb9609a3ed8cbb5ba0e1f42088ff4d100cd22e2d6cb55182f58eb5ee95064f710e1d166b30144b486591e2bb27708612d335f57aa203ae714111deeb7c811d16e6bad9d989800adf5d196b5bab57695730e94524f64b3aac2fb5a6bb79772ad288ad666a34a2901b3cf7bbfcc5afbf0bfd9c7be95c5c66b65f6544abd5b0ac45afb0c0cf09696884e1a63d612a9cf10f1bcf77e4e29f549d9fd9452fbbb81746b75570d3834b849440e2aa50e21ea938d46630f33cf0e303e9d2d15234aa92f6178efd087b1cfb9b2596be91087d143990c959dfd8e6be050ae09ebb216ff2f4044c45c65cf6acaf6ec67e0f29f66ae1639d76df19f0100629ae158874e15970000000049454e44ae426082),
('baju', 'putih', 0x89504e470d0a1a0a0000000d49484452000000320000003208060000001e3f88b1000000097048597300000b1300000b1301009a9c18000000206348524d00007a25000080830000f9ff000080e9000075300000ea6000003a980000176f925fc546000003604944415478dacc9a4b48554118c77fb7aea5191aa5656524169a965e7b209454142d8ac8208a5e8b0aa3c72ea255e022b05d14b588a216568ba0105a44042114418252d1a24d06d1cb8a4ced21f450ff2d1c41c47b3d67ce9c7bfcc36cce99f3cdf9ddf37ddfcc7c73639270a84c6029506d5a21b018e806de012f8056e011f0c9e5c04872d12a245d95d42e6fea94d428a9c4d1f88141264b3a2be9a7ecd423e958d42045929ae546b724cd090212b38c91a9c07da0c6a197bf0436021f6c1e9e6039e819c71098a470ddfc486901590e1c261cad034ed83c68e35af7804d84a74e6015d01ee61729033610aef280bab05d6b2f9041f8dae73756fc8064023b488f0a80dd61812c004a489f76840552497ab50a981306c89a3483640373c3002925fd5ae61a64ba9979d3ad52d720096066042009d7204544a39940dc2548714420d3ccfce50c646544203940962b900c3ff9dcb1649a1390a9c02cc6b9bc802c32be1a8562a63901591b602719545d40af2b90ca083de62fd0e702246e365351e9872b9079407984206f8101172065c0a408419ebaca5abb22ceaacf5c806400ab2306f9ec0224c16035dd4b8a6cb77cd10ee07d927bdf808f2e400e0c5b793e95d49164097104d8e975293142e7192c2f7d49e2569d2e40e24093d9e2de8bc562b9a3f43907dc069e03372cbec625e015a3572e7ff95b958d5de96e903490a48afe4452b5e9b72445bfd134749c5068aaf123f547d20a17c70a35925e7878a15e49a7254d9474c523449b19e390a48e14fd1e780549e55a032673f58ff151a700278166e0a1479778005c042e03b353f45befb500910aa4c52c18bb3c7ae95a9320ae79981bb280a31edfefa08b18d9eec3e7bf4b2a969467dc2d99b64a8a9bf8f27a3c3723e8d15b9bc7c1fa246d1bf6dc8524fd9e9b5842d27c495d1eedd7068991853e168cfd660336b4096a48322bd70f8b393f05bfda20ae556771a879c7b81692ea47dc6b1966fb94a47e1f765b254db075ad46cb13dad7921292b2257d35d7fa25954bca9174d7c2e63f495536ae95cbe009ab8d1630f8cf862dc07173adc9a4f2c7c0660b9bf1b14ab6c9aa7885407e80556b2e70136804de00ff0c5c6e009b053620058e0a0efb81dfc01e07b62a6c26c42a877b8a4c47764a6c40128c3fe5d880148d4390eca075adf1a27c9b60eff6b1584c977a52ddfc3f00b95a808759134a970000000049454e44ae426082);
INSERT INTO `icon` (`icon`, `warna`, `gambar`) VALUES
('baju', 'merah', 0x89504e470d0a1a0a0000000d49484452000000320000003208060000001e3f88b1000000097048597300000b1300000b1301009a9c18000000206348524d00007a25000080830000f9ff000080e9000075300000ea6000003a980000176f925fc546000003774944415478daccd95b88575514c7f1cf8c36a622358d355aa3697621192bd434ed42346417997c2bcad07a909aa240080c0a2a22ccd782827ac88a1e0a82822e2221426137887a282a28240872b0202b2dcba687b30686f85fcefffcf739677e2f6766f69e7dce97bdd765afd5333131a191c6376c5050fd58878b700506710e0ee2103ec4c7f800473b5dfc8cbd7b1bfe7da674da88bbb01a0b1b8c9f16cf1be2f91d76e3291ce9f6e5bd090096e24dbc85d126108db40c8fe3238cd40d3282fdb8a98b352ec41e3c829e3a4086f12a1627d8d59978348e5a6f952073f00a06a4d5163c5c25c8b6f04a65e831aca902643e1e54ae76e1a4b241366141c92057e3f232417ab05535baaf4c908b236a57a11bb1bc2c90b589b381563a19d79605b252b51a2d0364062eab18e4ec786f529053b0a86290b322974b0ab22260aad4ecbc295027202389b26565d865271fb6543d5a941a64a82690c19420fd612375e8d494208379172c41ffa60419caebcfeb525e90b5357e634f4a90f53582fc940a64561408ead2d154200b2bb848b5d2e15420eb2255a84bdfa602b9b44688bff1450a9039ba2bbea53856dfa700395756daac13e4580a90eb3b38c7870b7eec5738de64ec2026ba05e99355fee01fbca371d57c1cd7c80ad2456ce066dc86130dc6f7a588ecb3f0299ec0550133f77f734ee00efc88e7f0758720afe3cb78bed060fc580a90df70a7ac7fb1238c7e4683ffbf054bf0279eee00e22f597994acf4b3bac19cede170bab69107640d994d2df2a0adf80c63b12b9fe704d91936f022dec6250de65c80fb53801cca99ebf4e319bc84379a9cf7a93a829fe3e86e6933f79e3c01b91dc8cbb837ef9d00b7c6f3409b79bb639787735e7547bb05115e256f96bc27cefdce36b1e121dc1d1e2f8fc6ba0519c2e69c2ffb01b7c7cf7bf1499379cfe3f7b0bdb19cbbbd42d6ce280c729dac069b477d114f26ddf2f6263167d794dfd7e4bc380d68d3666807d249b775015ec393b242f70159a374aa9ec5af51037837dc7ade06e8fa6e02e2aa02d17a4778aef9610b93fa46d6f0bc12ef7790fe4c6a3476bd63909538af60feb4315cebf1882d2243d886f70aaebb18a7170159ae8bbe7744fb7d981749e5e680ea2bb8deec5606dfaa6993a2443a2f62cb1f383f41c567b8d945abd58eac924e7313adb3acc8d15a62fa69a008c899d310a4bf0848ef34042964ece32daea075e9976603ff0d00e1d58d63a3b60b3d0000000049454e44ae426082),
('baju', 'kuning', 0x89504e470d0a1a0a0000000d49484452000000320000003208060000001e3f88b1000000097048597300000b1300000b1301009a9c18000000206348524d00007a25000080830000f9ff000080e9000075300000ea6000003a980000176f925fc546000003864944415478daccda5b681c551cc7f1cf36b5353594b6d0442b692215da341a8ba2ad48f056447c50412da6e04b546cc5829a270bde1eec8b17f0414541110585a27879f05a2f2858aa22285205416cab4253a95aabf6be3ecc114298dd9d993db3931f047639ff9c39df99ffff7fcefcff5babd7eba66b72d7150aaa1ba318c18538152bb0177bb0035fe11d1cca3b79efc07b0dc7668ba3b5b81117e3cc94f14518c2ff7768275ec1d3f835c60266b5f9ffa7e359bc8f9b1b40a46925eec317b8b66a90e5d886f136e65882d7f004e65601d21ffc7c4524d7bc1dafa3a7932027e1450c8aab2bf1782741d685a02e43e3b8ae13203db857b97a1073ca06b93c0479991ac658d920e33aa3bbf366b13c2067e0b20e818ce0acb2402e68273d164cc9a580acd6595d9a27e8b382d42a00598cbed820f330d061909ee0ce514186c291bcd35a141b64145d15804477ade5aad1aad820fd15810c86436a14901e9c5d11c832cc8f05d297c75723eb04eab14016677dbc552a0bc8eab02156b5be5a2c904b2abcd13fe0400c9059392a2365e82f1c8d01b2044b2b04f936568c9c9f35fd95a45f62810c579c8cf6c600e9c2551542d4b13b06c84070adaaf447ac181995adc8bd2f5cb488f637c94afbf067bb20b371db94ef5fe3608add3f9282dd3d0541eec47a1c4f19fb1e47da05991716be352c743b4e4eb19bc0c7781ebb0aa4d6ad92f6c24329e33fc638a21c90f432c6828b6d68e06623213d1fc2969c205b7058d29a48cb8eebf3bc95368b9175f8069b9ad86cc467b806cfe0bb8cd7fd002fe3267c29bddedb8b3b6280f4677c331c96b4041ec37338d6c2fe185ec55378a1c55ddf94f5a934037934b8d6898c37e52e2cc0472dec3e99e2aead341f37c4d8d9cfc9f13afc331e96f4051be9383687bfdf32ce3b96650dcd0c16ca5eb63c88eb43de7f139f36b07b57d2d9fd09b7e0df0c73af91a138d80ce422d9eb4a7f4ff97c140fa4d81c91f43ea6ee418733cc5d0bae5818e4ea1ca9b42fc4c644f8fe21de9a66f3363e0f9f37e38d105359b4b628482dec1179d48d47421a3e05f74f73bd89e0ae2f850db03bc7dc43adec1b81ac94a338364db74adad6fb254d5378325c6b9b02dda85000595a04e43cedf5bdd78463cdce70d49823f971c0b905e79b1b62b6a11a9d6e4f8b700cef0dc790c970386c57ab8a3c9158ef2135f18a7b0b8a800c9a79ea2b02b26c06822c2c02d2350341868a04fba48c85b10eeaf76683ff0d004c9d902bebad61590000000049454e44ae426082),
('baju', 'biru', 0x89504e470d0a1a0a0000000d49484452000000320000003208060000001e3f88b1000000097048597300000b1300000b1301009a9c18000000206348524d00007a25000080830000f9ff000080e9000075300000ea6000003a980000176f925fc546000003774944415478dad4d95b8855551cc7f1cfcc9891e98c4d236691234d6a53e4948d4a199142085decc1cb43b7876e0f45144541443165178cca7a287a89288888847ac8a4b0a8702a242888a0282b28a322080aba8d767ad82b3cc93967f665edbd4f3f38eccd597b2fd677ffd7faaffffaff7b1a8d8643b57ae217393584b33086d5988f85d88bef3189f7f12ea6b2763e39d1dfb66d8638da806bb01cf35ab40f86eb45e1fa299e0cbf3f630ca0b7e0fba3781ddbb1ae0d442b9d8447b11be37583acc7db38af401fe3a18f1beb025981e73258a0936605eb3c5835c8009ec76c71752baeaa12e4068c28474f042f573ac802dca23ccdc4fd55806cc65ce56a531e8b6701e9c315cad74c5c5b26c82a9cae1a5d1da284524056a0a72290c110ea940232ae5a5d5806c861585931c84819208338ae629093c3e61b1564790825aad4509610282dc8b9152ef4e623c629b14116aa47c7c604e9c5093581cc8f0932140e5075e8a89820c79410b2a7d5df3141866b58e8a544bf67fa1fa8db41be8b05320b4b6a04f92b16c870d6703ab27e8805b22a1c74eaf2585fc6025959a3357ec6e73140fa71718d205f0498c220a359629d3a3dd6742069adf11abec939d81df8bd4ddbc731408ec065e17e1f9ec5af2d9efb509261bf2f07c43e6cc4a538d0a2fdad18203d785c92c7ba209c0b0e8db7a67065b83e854f32826cc31f78093bdbacd1c220bf612bbe95e479cf68116fcdc0239282cefe30b0b4da8bc73007f7b6c998dc8dc363ac917b2495a5d10e565b23290bdc851725d5a834ba09a7e14ddce16021a85963b83c06c83b61608d69fae80b5fef65ec6a33df9bf555b0f0a4e9534cd7c700d9852d19a6cb1a7c2da94275d2164971284dc4702ad61605e9c57519ce22dbc2a27fb8c3331fe0e930657e4cd1671f2e290ab22478ac34fa083787fb573b58656bd3f4ba3dc5b4fd3783736411907519a6d52207eb2607705b8b41ee91144d8564c6e694d61ec1d222206b3380ccc54361a047e33dbcd1d4dec044b83f3f38912c1fea9cbc200392ec7b566d082e755970b1fbc3ffdbc3a677275e91bd88ba7eba48bdb7c3396441cef8695958238bc2c29ec20b7826ec4d791219c36df69affeccead7462c1c8754ef8f2bbc3e1e8012c2ed0df5098b23f65058995593c3b523fb383a53fcb3ab5c6ba30db737c9e35b254f769200f487f17820ce63d58759be6e5f15a3bd497b8ee14a7b5d53f0300714e89743133f6b90000000049454e44ae426082),
('trashbin', 'hitam', 0x89504e470d0a1a0a0000000d49484452000000320000003208060000001e3f88b1000000097048597300000b1300000b1301009a9c18000000206348524d00007a25000080830000f9ff000080e9000075300000ea6000003a980000176f925fc546000001cf4944415478daec99bd4a03411080bf35a25141113416d646107c00c1d2cac242dfc0cec2d247b050103b0b11f409140282a2011b1f21853fa05898420583264634598bac708423d9709b5b8933b0dc1e737b37dfdecccede9cd25ad309d245878880fc39d15a376d2dca0ea02dda8a4b3bbbdb3037d3e678023c86e8d3c02c30eef2a1ed00299b630eb809d12b03f2e1f2a1cac6759452eb81996e2633c088c575d7c095e53d335aeb3d1731a23db74357317204f47b5c932e5db9d61430e41124afb5be77e15a179e5deba0998db609b1d773ba4bbacaec673e733670ee32b3af015f31bbd43bb06463a76db0030c984c3d18e3dbb805267e415c6d1a7d2cbf0a48c4b5fbcd0173a66dd6e99e8105a35badd3558065a39b07f2bef75a2f40d6f44743f65dc74015780a09e22cf060ce8bbebf47120d966965620ba0af81bb26a3da225f880222200222200222200222200222200222200222209d0b5209f4cb753a0dbc997e29646c3130ae1ac50817e5a04960d7f4d375ba61609f5aa9351532895bc02bb54acc58242b5aa8fda6ccecc659fbbd3390b8faad00f0097cc7ecfa0503e434460ac0768c106560c336765aa9c6635ef322b57a6d4f1b214a4006380d86406410c92302f28f417e0600f98ada71bcb6b8eb0000000049454e44ae426082),
('trashbin', 'putih', 0x89504e470d0a1a0a0000000d49484452000000320000003208060000001e3f88b1000000097048597300000b1300000b1301009a9c18000000206348524d00007a25000080830000f9ff000080e9000075300000ea6000003a980000176f925fc546000001d14944415478daecdabf6b154110c0f1cf8b0135202a2a08b1325858046c451bb1b010abfc01a9fd13ecac042dacac44c47f405010c14ec142b415b1511b7f8062c0680c796ad6e2adf8789eb2e1ad77f29c8565879bdbd9fb72b3b7b3b3d74b2999843265424a804c3ac865a4827aa636c874657b73b9bd8e170dfa833889ddff3a483fb74b78d7a0df9bdb2fb5417a059fdf4b982fb4378f9d05f7bdc4f3429b7770ae0648d70bcd5d1cabe15ad7b0b5439047b55ceb10767508f2064f6a80dcc7910e416ee1548d7564bae33952347e09c88d0e21d671b3e8ce9452493d9d52eaa776cbe794d242e1f315cd1198c12bec68f16dbcc66ced586b06bd96ddaa97c76d25687c8cc3b99e1dd12de144d62d36f45dccbaa3bf89cb5a8db596f120cbb30d71d73dace14343df87789ae595aec3f8e1fe9bffe01a5b1afafeb8b6a9c6762236560112200112200112200112200112200112200112209309f26d485e1dd1257cca7253966465c8c6fab820e3a6830ee04a96e74674db71d5201dd4742c7101ef0db22dfbc605294d99eec1336c6bd15bde62bfc29c57a96bade16bcb6effd1cfc3d56a20cbb8d822441fe76de0f4b7b7819f6aa6b080e37ecd2ad62cabb86d7052e56f80c43a1220ff23c8f701002bee15c8016cdd030000000049454e44ae426082),
('trashbin', 'merah', 0x89504e470d0a1a0a0000000d49484452000000320000003208060000001e3f88b1000000097048597300000b1300000b1301009a9c18000000206348524d00007a25000080830000f9ff000080e9000075300000ea6000003a980000176f925fc5460000028b4944415478daec9a3b6854411486bf33b3b3bb58a8a0044122be3a13acc5de88855a598862652d2888bd58598b85686be9a3b0486713482796a2e0ab88562a44b3f7de99df22096c74b3d9e0cd4d8873ca3b671edf3cce3973ee9824b68338b68964900cb241d21a4569eef4695c4a830bcd88218073584a135696cf4ddabb4adb95cc7ea4102ec86c06a0551430c8e048a410d8f7e2457d204345c257150a01a409930e817d117cf88b191d3469bf2f8a63c04ce32bb2a6a4849525f27e1e40ce4d4b7a3c40f392491781f94dd95a26dd018eac09238d03588a970d2e0fd1be069c1ddea961d247e0e688635cdb217e9d9a5a40ea6cc6211e9b9eb63ab7d65360cf2670ccd7bab5aa76fb3ed24ea0c978c60cbed70ae28be29149879bf772ee0370b04e87686c8eb85a15e5dc5da06818a227ef6fd70d723f797f05484d51c410ae45ef1fd47a461423825907b1a9f82c7aff4a6ef4aed6e3d9bbab7cff8cf40d335b729acb7a02de023da00d1ced9b84de5299805dc0f880763b1b72985693b2dbbd9542982cbbdd89d86abde90b00abcab973329b54b77b0ab385be6aef80e3c02470634bc45ac939aa1d3b16a7b02c579601b4db38ef37dcecd5b1df6d290a7643ccb60de9dbb60a48be2166900c9241324806c92019248364900c924132c8bfdf116d5b802cb48a029392ccfecc7bfd7431c2dfc9e8042c5ff017b644f22114c5095755bd96f72669f7f2ea085c90ce58557d02c600df576d17709ec53cd9c9a6416c50a2c055d575e0bac5b8a2d0c023dd03a0aafeac360e3c19a1bf9a41bc07e8915263c6c1e097ade355c66803eb74a0d379af56eb190d3cf990732f915e9352bd2b628b9629a610aeba186781036cd4af06b339cc1e86b25c9711b0fca826836490ff03e4f700deb7de85cbf106470000000049454e44ae426082),
('trashbin', 'kuning', 0x89504e470d0a1a0a0000000d49484452000000320000003208060000001e3f88b1000000097048597300000b1300000b1301009a9c18000000206348524d00007a25000080830000f9ff000080e9000075300000ea6000003a980000176f925fc546000001bd4944415478daec9ab14bc3401487bf58a5888a28d849b02e828b5da40a82e822b8b9088220ae0a6e3a083a09fe052e0e2ee2e2e62845271797ae8a8b45d1a55014415ab5b60e460825695fed2529e5fd20f4c1ef71e4bbbcbb5eee6295cb655a416db48814a4d9d42e49ca3ecc49dbb3805d60c98e2d979c12f008ac005949a3b1a19419903ad40b6c01dd35f2468131e022d0275287f2768f178045e0d525e7004800ef81971690040604793df6b88b024780dbdcde67ffce00fd8236bf8094299073c70d4815abe1ef0bdb29009da6662d2bc409296fb2b46681484820df26413681e19040de807953205340bc994b4b3a4672218e9192499065201d02440e5837097207ac4a079e411d02c7a6178d458f3f383ff5e1c712c50bfa16b874ac00920eef0938137883c042231d6d62ad75056cd8f176c5cdde08bd090f9040df473a1c71b44a4755f3baf4c54a41144441144441144441144441144441144441144441bcf4e9882bf7a18a42afe1d32b13db4193c09e1d4f577823422f1e2488d7296dc2bedc140776fee1fd29e247691508fee4eac50f900c701220c43d70ea4769958035e01a18f779c6cbf0bb0bff2cae7bfd3a484114a4aa7e060035db4b48c5da921a0000000049454e44ae426082),
('trashbin', 'biru', 0x89504e470d0a1a0a0000000d49484452000000320000003208060000001e3f88b1000000097048597300000b1300000b1301009a9c18000000206348524d00007a25000080830000f9ff000080e9000075300000ea6000003a980000176f925fc546000001a64944415478daec9abb4ac4401486bfc43b889585b88588a0ad3641101b6bc137f00d047b11b71304d1526b1b4bb7d037b056412b0b051b8bc562c565dd5d3736a3862597199949209c1f0221e7423ee6246766122f0c43ca209f92484004c49106751d57aa0d5dd731e00658c8f0eb00f3c0b34ed2ebea841d10038d001575a327c0474c156c02530a3adf1189dc649646812f20041a40b3cfee019f404fe5d3c9d95539ad805c008b9acfdd383000eca4f885c0a51ab92cbd02cbb640362c97a0074c6bfaced82cad3dcd3270a1a64d904760ae0c20db405010481738b2d510db05f6bbcc178209c83e502f0862d726c815b01ed3e05c6b0b38b43dd7ba075a39833cb8eaec5eccf53af0a4ce2b7dfd216a9b052635e37e349ce7ecb7a6de6801709a62ab19c415328df7fb3a7692cd37882b7c3de2e51c272b440111100111100111100111100111100111100111906445b7535b29b6b6419c916c7d7a0bf8dbd65c4bb10506714e41bc84515c5207166d4655e3ffa3843a3997ff9b0b9077e038478873e0ced5337200bc00abc09023801e700b9c91f135f7b7e6e5ef20011190547d0f004a274d8f2ec6807c0000000049454e44ae426082);

-- --------------------------------------------------------

--
-- Table structure for table `kategori`
--

CREATE TABLE `kategori` (
  `id_kategori` int(3) NOT NULL,
  `nama_kategori` varchar(100) NOT NULL,
  `warna_kategori` varchar(100) NOT NULL,
  `icon_kategori` varchar(101) NOT NULL
) ENGINE=InnoDB DEFAULT CHARSET=latin1;

--
-- Dumping data for table `kategori`
--

INSERT INTO `kategori` (`id_kategori`, `nama_kategori`, `warna_kategori`, `icon_kategori`) VALUES
(1, 'Kategori1', 'hitam', 'kendaraan'),
(2, 'Kategori-dua', 'hitam', 'kendaraan'),
(3, 'ini_K4TeG0R!3', 'kuning', 'telepon'),
(4, 'Kategoriempat', 'merah', 'telepon'),
(6, 'K4T350R16', 'hitam', 'trashbin');

-- --------------------------------------------------------

--
-- Table structure for table `pengeluaran`
--

CREATE TABLE `pengeluaran` (
  `id_pengeluaran` int(11) NOT NULL,
  `id_kategori` int(11) NOT NULL,
  `id_deskripsi` int(11) DEFAULT NULL,
  `nominal_pengeluaran` int(11) NOT NULL,
  `date` date NOT NULL
) ENGINE=InnoDB DEFAULT CHARSET=latin1;

--
-- Dumping data for table `pengeluaran`
--

INSERT INTO `pengeluaran` (`id_pengeluaran`, `id_kategori`, `id_deskripsi`, `nominal_pengeluaran`, `date`) VALUES
(1, 3, 1, 1400, '2018-12-10'),
(2, 2, 2, 1200, '2018-12-10'),
(3, 2, 500, 12500, '2018-12-04'),
(4, 3, 4, 1000, '2018-12-09'),
(5, 2, 5, 1290, '2018-11-13'),
(6, 3, 6, 1200, '2018-12-18'),
(7, 4, 7, 120, '2018-12-18'),
(8, 5, 8, 3000, '2018-12-18'),
(9, 4, 9, 1206, '2018-12-18'),
(10, 6, 10, 120, '2018-12-18'),
(12, 3, 12, 1245, '2018-12-18'),
(13, 6, 13, 1400, '2018-12-18'),
(15, 3, 15, 13690, '2018-12-18');

--
-- Indexes for dumped tables
--

--
-- Indexes for table `deskripsi`
--
ALTER TABLE `deskripsi`
  ADD PRIMARY KEY (`id_deskripsi`);

--
-- Indexes for table `kategori`
--
ALTER TABLE `kategori`
  ADD PRIMARY KEY (`id_kategori`);

--
-- Indexes for table `pengeluaran`
--
ALTER TABLE `pengeluaran`
  ADD PRIMARY KEY (`id_pengeluaran`),
  ADD KEY `kategori_pk` (`id_kategori`),
  ADD KEY `deskripsi_pk` (`id_deskripsi`);

--
-- AUTO_INCREMENT for dumped tables
--

--
-- AUTO_INCREMENT for table `kategori`
--
ALTER TABLE `kategori`
  MODIFY `id_kategori` int(3) NOT NULL AUTO_INCREMENT, AUTO_INCREMENT=8;

--
-- AUTO_INCREMENT for table `pengeluaran`
--
ALTER TABLE `pengeluaran`
  MODIFY `id_pengeluaran` int(11) NOT NULL AUTO_INCREMENT, AUTO_INCREMENT=17;
COMMIT;

/*!40101 SET CHARACTER_SET_CLIENT=@OLD_CHARACTER_SET_CLIENT */;
/*!40101 SET CHARACTER_SET_RESULTS=@OLD_CHARACTER_SET_RESULTS */;
/*!40101 SET COLLATION_CONNECTION=@OLD_COLLATION_CONNECTION */;
